{"cameraMode":{"drawMode":0,"name":"Shaded","section":"Shading Mode"},"sceneLighting":false,"audioPlay":false,"sceneViewState":{"showFog":true,"showMaterialUpdate":false,"showSkybox":true,"showFlares":true,"showImageEffects":true,"showParticleSystems":true},"in2DMode":false,"pivot":{"x":8.904312133789063,"y":0.5930340886116028,"z":-2.506394386291504},"rotation":{"x":-0.5396333336830139,"y":-0.026009825989603998,"z":0.01668017916381359,"w":-0.8413329124450684},"size":22.461034774780275,"orthographic":true}