{"cameraMode":{"drawMode":0,"name":"Shaded","section":"Shading Mode"},"sceneLighting":false,"audioPlay":false,"sceneViewState":{"showFog":true,"showMaterialUpdate":false,"showSkybox":true,"showFlares":true,"showImageEffects":true,"showParticleSystems":true},"in2DMode":false,"pivot":{"x":-1.6279296875,"y":0.141357421875,"z":-0.6195068359375},"rotation":{"x":0.5339444279670715,"y":0.017757989466190339,"z":-0.011207883246243,"w":0.8452587127685547},"size":6.402238368988037,"orthographic":true}