{"cameraMode":{"drawMode":0,"name":"Shaded","section":"Shading Mode"},"sceneLighting":false,"audioPlay":false,"sceneViewState":{"showFog":true,"showMaterialUpdate":false,"showSkybox":true,"showFlares":true,"showImageEffects":true,"showParticleSystems":true},"in2DMode":false,"pivot":{"x":-0.196847602725029,"y":-1.0622320175170899,"z":1.7146790027618409},"rotation":{"x":0.7017759084701538,"y":-0.0032042867969721557,"z":0.0031577274203300478,"w":0.7123835682868958},"size":5.391121864318848,"orthographic":false}