{"cameraMode":{"drawMode":0,"name":"Shaded","section":"Shading Mode"},"sceneLighting":false,"audioPlay":false,"sceneViewState":{"showFog":true,"showMaterialUpdate":false,"showSkybox":true,"showFlares":true,"showImageEffects":true,"showParticleSystems":true},"in2DMode":false,"pivot":{"x":-0.006394147872924805,"y":0.5930340886116028,"z":5.625688552856445},"rotation":{"x":-0.23488451540470124,"y":-0.41656532883644106,"z":0.11232955753803253,"w":-0.8710251450538635},"size":22.461034774780275,"orthographic":false}