{"cameraMode":{"drawMode":0,"name":"Shaded","section":"Shading Mode"},"sceneLighting":false,"audioPlay":false,"sceneViewState":{"showFog":true,"showMaterialUpdate":false,"showSkybox":true,"showFlares":true,"showImageEffects":true,"showParticleSystems":true},"in2DMode":false,"pivot":{"x":2.4267578125,"y":0.99365234375,"z":-1.7950439453125},"rotation":{"x":0.07722631841897965,"y":0.049332838505506518,"z":-0.0038194083608686926,"w":0.9957850575447083},"size":6.386500358581543,"orthographic":false}