{"cameraMode":{"drawMode":0,"name":"Shaded","section":"Shading Mode"},"sceneLighting":false,"audioPlay":false,"sceneViewState":{"showFog":true,"showMaterialUpdate":false,"showSkybox":true,"showFlares":true,"showImageEffects":true,"showParticleSystems":true},"in2DMode":false,"pivot":{"x":9.392775535583496,"y":-31.67859649658203,"z":57.04027557373047},"rotation":{"x":-0.24329183995723725,"y":-0.09207174181938172,"z":0.023203514516353608,"w":-0.9652945399284363},"size":97.12576293945313,"orthographic":false}