{"cameraMode":{"drawMode":0,"name":"Shaded","section":"Shading Mode"},"sceneLighting":false,"audioPlay":false,"sceneViewState":{"showFog":true,"showMaterialUpdate":false,"showSkybox":true,"showFlares":true,"showImageEffects":true,"showParticleSystems":true},"in2DMode":false,"pivot":{"x":0.0,"y":2.485107898712158,"z":-3.881314754486084},"rotation":{"x":-0.29991281032562258,"y":-0.38589996099472048,"z":0.13424880802631379,"w":-0.8620386719703674},"size":19.040231704711915,"orthographic":true}